,status,age_group,education,industry,location,ai_risk,years_of_experience,monthly_salary_(inr),date_recorded
1,1,18-24,diploma, fintech,rural,medium,0.0,17500.0,02-01-23
2,1,25-34,high_school,retail,urban,low,16.0,77600.0,03-01-23
3,0,18-24,master,retail,urban,low,30.0,100200.0,04-01-23
5,0,25-34,phd,tech ,urban,high,0.0,54500.0,06-01-23
11,0,45-54,high_school,tech,urban,high,0.0,27000.0,12-01-23
13,1,18-24,phd,tech ,rural,low,0.0,121700.0,14-01-23
15,0,18-24,bachelor,health,urban,medium,18.0,28700.0,16-01-23
16,1,25-34,high_school,retail,urban,low,0.0,109300.0,17-01-23
24,0,25-34,phd,tech,urban,medium,24.0,107700.0,25-01-23
29,1,18-24,master,health,urban,low,15.0,13300.0,30-01-23
31,0,25-34,high_school,tech,urban,high,0.0,13100.0,01-02-23
32,1,25-34,high_school,finance,urban,high,2.0,134500.0,02-02-23
41,1,25-34,bachelor, fintech,urban,low,25.0,7700.0,11-02-23
42,0,45-54,master,tech ,urban,low,10.0,12900.0,12-02-23
44,1,25-34,high_school,health,urban,medium,11.0,97900.0,14-02-23
45,0,18-24,phd, fintech,rural,medium,4.0,14200.0,15-02-23
46,0,25-34,phd,retail,suburban,high,17.0,106500.0,16-02-23
49,0,18-24,phd,retail,urban,high,7.0,15700.0,19-02-23
51,1,18-24,high_school,retail,urban,low,0.0,18800.0,21-02-23
52,1,45-54,bachelor,tech,urban,low,0.0,127400.0,22-02-23
54,0,45-54,master,health,urban,medium,6.0,42100.0,24-02-23
55,1,25-34,master,education,urban,medium,28.0,137400.0,25-02-23
58,0,18-24,master,health,urban,low,24.0,126300.0,28-02-23
60,0,55-100,diploma,retail,suburban,medium,0.0,26300.0,02-03-23
61,0,25-34,master,education,urban,low,24.0,78900.0,03-03-23
63,1,18-24,phd,tech,urban,medium,0.0,48900.0,05-03-23
67,0,45-54,bachelor,finance,suburban,medium,17.0,57200.0,09-03-23
70,0,25-34,phd,retail,urban,low,0.0,90500.0,12-03-23
71,1,35-44,high_school,retail,urban,medium,15.0,33400.0,13-03-23
73,0,45-54,diploma, fintech,rural,high,20.0,130700.0,15-03-23
74,0,18-24,high_school,retail,urban,medium,0.0,90000.0,16-03-23
76,0,18-24,master,finance,suburban,low,0.0,125800.0,18-03-23
80,1,25-34,bachelor,education,urban,low,0.0,17900.0,22-03-23
81,1,25-34,bachelor,health,urban,high,22.0,79100.0,23-03-23
83,1,18-24,high_school,health,suburban,medium,4.0,46100.0,25-03-23
86,0,55-100,bachelor,retail,urban,low,0.0,56300.0,28-03-23
87,0,25-34,phd,retail,suburban,high,0.0,105400.0,29-03-23
90,1,45-54,diploma,finance,urban,high,16.0,124600.0,01-04-23
91,1,35-44,bachelor, fintech,urban,medium,20.0,19000.0,02-04-23
92,1,35-44,master,retail,urban,high,21.0,66200.0,03-04-23
98,0,25-34,diploma,retail,urban,high,0.0,124300.0,09-04-23
104,1,45-54,bachelor,retail,urban,high,0.0,137100.0,15-04-23
106,0,25-34,bachelor,health,urban,low,16.0,73800.0,17-04-23
108,1,18-24,diploma,tech ,urban,high,0.0,40300.0,19-04-23
111,0,35-44,phd,finance,urban,low,28.0,44700.0,22-04-23
112,0,18-24,phd,health,urban,high,10.0,20200.0,23-04-23
114,1,25-34,master,education,suburban,low,15.0,7600.0,25-04-23
115,0,45-54,high_school,finance,urban,low,0.0,109500.0,26-04-23
116,1,25-34,phd,retail,urban,low,0.0,26900.0,27-04-23
117,1,35-44,high_school,tech,rural,low,7.0,21000.0,28-04-23
121,1,45-54,phd,tech ,urban,high,18.0,10500.0,02-05-23
125,1,25-34,diploma,education,urban,high,0.0,125300.0,06-05-23
126,0,25-34,phd,tech ,urban,medium,23.0,11500.0,07-05-23
129,0,35-44,high_school,retail,urban,medium,0.0,23500.0,10-05-23
138,0,35-44,master,retail,urban,medium,0.0,65300.0,19-05-23
139,1,35-44,high_school,tech,urban,low,0.0,76500.0,20-05-23
141,1,18-24,diploma,health,urban,high,0.0,8000.0,22-05-23
145,1,25-34,bachelor,education,rural,low,0.0,100700.0,26-05-23
146,0,18-24,master, fintech,urban,high,17.0,122200.0,27-05-23
150,0,18-24,bachelor,tech ,urban,medium,0.0,89900.0,31-05-23
153,1,25-34,diploma,retail,urban,high,0.0,97100.0,03-06-23
155,1,18-24,master,retail,suburban,high,0.0,102600.0,05-06-23
156,0,55-100,master,retail,urban,high,0.0,125900.0,06-06-23
163,1,35-44,diploma,retail,urban,high,0.0,106600.0,13-06-23
164,1,18-24,master,health,urban,medium,3.0,44700.0,14-06-23
166,0,18-24,bachelor,health,urban,high,0.0,131300.0,16-06-23
168,1,25-34,phd,retail,urban,low,0.0,75300.0,18-06-23
170,0,18-24,bachelor,health,urban,low,0.0,88400.0,20-06-23
171,0,55-100,master,education,urban,low,19.0,110800.0,21-06-23
172,0,55-100,bachelor,education,urban,low,28.0,115100.0,22-06-23
175,0,35-44,phd,retail,urban,high,23.0,16400.0,25-06-23
179,0,18-24,high_school,tech,urban,low,0.0,12500.0,29-06-23
180,0,45-54,phd,retail,suburban,high,0.0,70700.0,30-06-23
181,0,18-24,high_school,retail,suburban,low,29.0,96000.0,01-07-23
182,1,18-24,master,health,suburban,low,0.0,123200.0,02-07-23
184,0,35-44,phd,health,urban,medium,5.0,54200.0,04-07-23
185,0,55-100,master,health,suburban,medium,0.0,24000.0,05-07-23
189,0,55-100,bachelor,finance,urban,medium,0.0,114100.0,09-07-23
190,1,25-34,high_school,education,urban,medium,0.0,30100.0,10-07-23
193,0,18-24,bachelor,health,urban,low,0.0,60500.0,13-07-23
194,1,18-24,high_school,tech ,urban,low,0.0,58000.0,14-07-23
196,1,18-24,high_school,tech ,urban,high,29.0,77200.0,16-07-23
197,1,45-54,bachelor,finance,urban,high,24.0,96400.0,17-07-23
200,1,55-100,diploma,education,urban,low,0.0,116300.0,20-07-23
208,1,25-34,phd,health,urban,high,0.0,121300.0,28-07-23
210,0,25-34,diploma,retail,urban,low,0.0,75200.0,30-07-23
211,0,45-54,bachelor,health,rural,medium,11.0,74200.0,31-07-23
212,0,55-100,master,tech ,suburban,medium,18.0,127100.0,01-08-23
213,1,25-34,high_school,education,rural,high,14.0,68600.0,02-08-23
216,1,35-44,bachelor,health,urban,low,0.0,76000.0,05-08-23
218,1,55-100,phd,education,urban,high,21.0,31500.0,07-08-23
219,0,25-34,bachelor,health,rural,low,0.0,126700.0,08-08-23
223,1,18-24,bachelor,retail,urban,medium,20.0,22300.0,12-08-23
229,0,18-24,high_school,retail,urban,high,25.0,70400.0,18-08-23
230,1,25-34,phd,tech ,urban,low,2.0,105700.0,19-08-23
234,0,18-24,bachelor,finance,urban,high,7.0,17600.0,23-08-23
246,0,25-34,master,health,rural,high,0.0,106800.0,04-09-23
247,0,18-24,bachelor,tech ,urban,medium,0.0,79900.0,05-09-23
250,0,25-34,master,tech ,urban,medium,23.0,102200.0,08-09-23
252,1,25-34,phd,health,urban,low,23.0,102800.0,10-09-23
254,1,18-24,master,health,urban,low,6.0,68500.0,12-09-23
258,1,18-24,master,tech ,urban,low,0.0,37000.0,16-09-23
259,1,25-34,phd,retail,urban,high,0.0,119400.0,17-09-23
264,1,45-54,high_school,education,urban,high,6.0,66200.0,22-09-23
266,0,55-100,bachelor, fintech,urban,medium,5.0,88000.0,24-09-23
267,1,25-34,bachelor,tech ,urban,high,26.0,103000.0,25-09-23
269,1,25-34,phd,retail,suburban,low,0.0,8900.0,27-09-23
275,1,18-24,bachelor,finance,urban,low,0.0,114500.0,03-10-23
276,0,18-24,high_school,retail,urban,low,0.0,112900.0,04-10-23
278,1,18-24,bachelor,retail,rural,high,0.0,34400.0,06-10-23
279,1,25-34,high_school,retail,urban,low,26.0,144200.0,07-10-23
280,1,45-54,bachelor,tech ,suburban,low,0.0,8700.0,08-10-23
281,0,18-24,master,tech ,urban,medium,0.0,13900.0,09-10-23
284,1,18-24,bachelor, fintech,urban,high,17.0,78200.0,12-10-23
285,0,45-54,diploma,tech ,urban,high,0.0,135100.0,13-10-23
288,1,55-100,phd, fintech,suburban,medium,7.0,109300.0,16-10-23
292,1,25-34,bachelor,retail,urban,high,0.0,32100.0,20-10-23
293,0,18-24,high_school, fintech,urban,low,3.0,12600.0,21-10-23
294,1,25-34,diploma,retail,urban,high,0.0,71800.0,22-10-23
296,1,25-34,phd,tech ,urban,medium,0.0,101500.0,24-10-23
301,0,25-34,phd,health,urban,high,21.0,141700.0,29-10-23
303,1,55-100,bachelor,retail,urban,medium,0.0,22100.0,31-10-23
306,1,18-24,high_school,retail,rural,low,15.0,102800.0,03-11-23
307,1,45-54,phd,finance,urban,high,25.0,89300.0,04-11-23
308,0,25-34,master,health,urban,low,0.0,61200.0,05-11-23
312,1,25-34,high_school,retail,rural,medium,0.0,21400.0,09-11-23
314,0,55-100,phd, fintech,urban,low,0.0,62300.0,11-11-23
317,0,25-34,phd, fintech,urban,low,23.0,141200.0,14-11-23
321,1,45-54,phd, fintech,suburban,medium,0.0,89600.0,18-11-23
322,0,35-44,master,education,suburban,medium,0.0,42700.0,19-11-23
324,1,55-100,master, fintech,rural,medium,25.0,38000.0,21-11-23
325,0,18-24,high_school,health,urban,medium,20.0,39800.0,22-11-23
330,0,55-100,diploma,retail,urban,medium,20.0,96600.0,27-11-23
336,1,35-44,master,health,urban,high,0.0,35700.0,03-12-23
345,0,25-34,master, fintech,urban,high,0.0,139900.0,12-12-23
346,1,55-100,phd,retail,urban,high,0.0,26900.0,13-12-23
352,0,45-54,bachelor, fintech,suburban,low,0.0,112900.0,19-12-23
354,1,18-24,high_school,finance,suburban,medium,0.0,112400.0,21-12-23
356,1,18-24,phd,education,urban,high,0.0,71400.0,23-12-23
358,0,18-24,master,education,suburban,low,10.0,51000.0,25-12-23
359,0,25-34,high_school,finance,urban,high,0.0,109800.0,26-12-23
360,0,18-24,master,finance,urban,high,0.0,111300.0,27-12-23
363,1,35-44,bachelor,education,suburban,low,16.0,100400.0,30-12-23
365,1,25-34,bachelor,retail,urban,low,0.0,138600.0,01-01-24
368,1,55-100,bachelor,health,urban,medium,0.0,104800.0,04-01-24
373,0,45-54,diploma,health,urban,high,0.0,116000.0,09-01-24
374,0,45-54,master,education,rural,medium,2.0,29300.0,10-01-24
376,1,55-100,phd,retail,urban,low,0.0,36200.0,12-01-24
377,0,25-34,master,education,urban,medium,10.0,17800.0,13-01-24
378,0,18-24,master,health,urban,medium,11.0,52900.0,14-01-24
380,0,45-54,high_school,retail,rural,high,0.0,90300.0,16-01-24
382,1,35-44,bachelor,tech,urban,high,0.0,63200.0,18-01-24
384,0,35-44,phd,tech,urban,low,0.0,34800.0,20-01-24
387,1,18-24,high_school,tech,urban,medium,0.0,97300.0,23-01-24
388,0,18-24,high_school,health,urban,medium,29.0,64300.0,24-01-24
391,0,25-34,master,retail,urban,medium,24.0,64900.0,27-01-24
392,0,18-24,master,tech ,urban,high,0.0,45800.0,28-01-24
395,0,25-34,bachelor,education,urban,low,1.0,106500.0,31-01-24
399,1,45-54,bachelor,education,urban,low,0.0,86300.0,04-02-24
400,0,35-44,phd,retail,suburban,medium,0.0,39500.0,05-02-24
404,1,18-24,phd,education,urban,high,0.0,42600.0,09-02-24
414,0,18-24,phd,retail,suburban,high,5.0,46300.0,19-02-24
421,1,35-44,high_school,finance,urban,low,0.0,12400.0,26-02-24
422,1,45-54,bachelor,education,urban,high,5.0,119200.0,27-02-24
423,0,18-24,master,tech ,urban,high,0.0,109300.0,28-02-24
424,1,45-54,master,retail,urban,medium,0.0,84700.0,29-02-24
425,1,18-24,bachelor, fintech,urban,low,0.0,9100.0,01-03-24
427,0,25-34,bachelor,tech ,urban,medium,2.0,16000.0,03-03-24
429,0,18-24,master,education,suburban,low,6.0,18300.0,05-03-24
433,0,18-24,high_school,education,urban,low,20.0,14700.0,09-03-24
435,1,18-24,high_school,health,urban,medium,0.0,117800.0,11-03-24
436,0,55-100,master, fintech,urban,medium,0.0,50800.0,12-03-24
437,0,55-100,diploma,health,urban,high,4.0,73300.0,13-03-24
438,1,25-34,master,health,urban,low,0.0,17700.0,14-03-24
440,1,45-54,bachelor,retail,urban,high,23.0,120500.0,16-03-24
441,1,25-34,phd, fintech,urban,low,0.0,15000.0,17-03-24
447,1,25-34,phd,tech,urban,high,29.0,90500.0,23-03-24
450,1,25-34,bachelor,health,urban,high,0.0,135400.0,26-03-24
451,0,25-34,phd,retail,urban,high,0.0,47700.0,27-03-24
453,1,25-34,high_school,health,urban,high,29.0,144500.0,29-03-24
456,0,35-44,master,tech ,suburban,high,0.0,5100.0,01-04-24
459,1,25-34,master, fintech,urban,high,0.0,74500.0,04-04-24
460,0,55-100,master, fintech,suburban,high,0.0,105900.0,05-04-24
462,0,45-54,phd,tech,urban,medium,0.0,84500.0,07-04-24
463,0,55-100,high_school,health,urban,high,0.0,147100.0,08-04-24
466,0,25-34,bachelor, fintech,urban,low,0.0,105200.0,11-04-24
468,1,55-100,phd,health,urban,medium,0.0,134500.0,13-04-24
471,1,55-100,bachelor,tech ,urban,medium,5.0,16200.0,16-04-24
472,1,35-44,high_school,tech,urban,medium,20.0,136000.0,17-04-24
478,1,25-34,bachelor,health,urban,high,17.0,98200.0,23-04-24
485,1,18-24,phd,health,urban,high,26.0,6800.0,30-04-24
486,1,25-34,bachelor, fintech,urban,high,26.0,64900.0,01-05-24
487,0,18-24,bachelor,retail,urban,high,7.0,146300.0,02-05-24
488,0,35-44,bachelor,health,suburban,medium,0.0,55600.0,03-05-24
491,1,18-24,bachelor,finance,urban,low,29.0,51100.0,06-05-24
492,0,35-44,master,retail,urban,high,16.0,11000.0,07-05-24
493,1,55-100,phd,tech ,urban,medium,19.0,62800.0,08-05-24
495,1,18-24,bachelor,tech,urban,high,26.0,46000.0,10-05-24
497,1,55-100,master,tech ,urban,medium,0.0,105500.0,12-05-24
499,1,25-34,high_school,retail,urban,high,0.0,60200.0,14-05-24
503,1,55-100,diploma,education,urban,low,5.0,17400.0,18-05-24
513,1,35-44,master,tech,suburban,medium,23.0,34900.0,28-05-24
514,1,35-44,phd, fintech,urban,medium,0.0,82800.0,29-05-24
516,0,18-24,bachelor,education,urban,low,0.0,54500.0,31-05-24
517,1,18-24,phd,retail,urban,medium,0.0,47100.0,01-06-24
519,1,18-24,diploma,retail,urban,low,0.0,94500.0,03-06-24
521,0,18-24,master,retail,suburban,low,18.0,100400.0,05-06-24
526,0,35-44,phd,tech,urban,low,0.0,130500.0,10-06-24
527,0,35-44,master, fintech,urban,low,0.0,122900.0,11-06-24
528,0,55-100,bachelor,health,urban,high,4.0,93400.0,12-06-24
530,0,45-54,master,tech ,urban,low,0.0,52400.0,14-06-24
533,0,55-100,master,education,urban,high,19.0,96700.0,17-06-24
538,0,25-34,diploma,education,urban,high,0.0,24600.0,22-06-24
539,0,55-100,diploma,education,urban,high,0.0,133700.0,23-06-24
541,1,18-24,phd,retail,urban,medium,0.0,138700.0,25-06-24
543,1,18-24,high_school,education,rural,medium,0.0,87400.0,27-06-24
544,0,18-24,master,health,urban,low,13.0,133300.0,28-06-24
545,1,45-54,bachelor, fintech,urban,high,28.0,24100.0,29-06-24
551,0,18-24,high_school,finance,urban,medium,0.0,132900.0,05-07-24
557,0,55-100,high_school,tech,urban,high,0.0,84700.0,11-07-24
560,0,55-100,master,finance,urban,medium,0.0,96400.0,14-07-24
563,0,35-44,phd,retail,urban,high,0.0,124400.0,17-07-24
564,0,18-24,bachelor,tech,urban,high,0.0,128000.0,18-07-24
566,1,18-24,master,health,urban,medium,0.0,34700.0,20-07-24
567,0,45-54,high_school,tech ,urban,medium,0.0,34700.0,21-07-24
570,0,18-24,bachelor,health,urban,low,0.0,117800.0,24-07-24
571,1,25-34,phd,retail,urban,medium,0.0,69500.0,25-07-24
577,0,25-34,bachelor, fintech,rural,medium,23.0,140600.0,31-07-24
580,1,55-100,master,retail,suburban,high,4.0,97800.0,03-08-24
581,1,18-24,phd,retail,urban,medium,0.0,86600.0,04-08-24
590,0,18-24,high_school,health,rural,low,1.0,109300.0,13-08-24
591,0,25-34,master,tech,urban,high,28.0,73000.0,14-08-24
592,0,18-24,master,health,suburban,high,0.0,102400.0,15-08-24
593,0,45-54,master,health,urban,low,0.0,140300.0,16-08-24
594,1,35-44,high_school,health,urban,high,0.0,32800.0,17-08-24
598,0,45-54,diploma,retail,urban,high,19.0,70900.0,21-08-24
599,1,25-34,master,health,urban,low,11.0,132100.0,22-08-24
600,1,45-54,high_school,finance,urban,medium,0.0,146900.0,23-08-24
601,0,35-44,master,health,urban,low,18.0,74600.0,24-08-24
604,0,35-44,phd,tech ,urban,low,29.0,30700.0,27-08-24
606,1,55-100,phd,tech,suburban,high,0.0,11200.0,29-08-24
609,0,45-54,phd,tech,urban,medium,0.0,62600.0,01-09-24
611,1,18-24,bachelor,health,suburban,medium,7.0,87900.0,03-09-24
614,1,25-34,phd,retail,suburban,low,0.0,118800.0,06-09-24
615,0,25-34,high_school,education,urban,high,21.0,144100.0,07-09-24
619,0,18-24,high_school,tech,urban,high,0.0,109800.0,11-09-24
622,1,18-24,master,education,rural,medium,0.0,62100.0,14-09-24
627,1,18-24,diploma,retail,urban,low,14.0,143200.0,19-09-24
631,1,25-34,bachelor,tech ,urban,high,0.0,87800.0,23-09-24
632,1,55-100,high_school,tech ,rural,low,0.0,75000.0,24-09-24
633,0,25-34,bachelor, fintech,urban,medium,14.0,51800.0,25-09-24
635,1,18-24,high_school,tech ,urban,high,0.0,96300.0,27-09-24
636,0,35-44,phd,retail,urban,high,0.0,64500.0,28-09-24
640,0,45-54,phd,tech ,suburban,low,0.0,101500.0,02-10-24
644,0,35-44,bachelor,tech ,urban,low,16.0,118500.0,06-10-24
647,1,18-24,bachelor,health,urban,medium,23.0,113800.0,09-10-24
648,0,55-100,master,tech,urban,low,8.0,132700.0,10-10-24
649,1,25-34,master,tech ,urban,high,2.0,26800.0,11-10-24
655,1,25-34,bachelor,health,urban,medium,26.0,112300.0,17-10-24
661,0,25-34,phd,finance,urban,high,26.0,43900.0,23-10-24
663,0,18-24,high_school, fintech,urban,high,0.0,123100.0,25-10-24
677,1,25-34,phd,education,urban,low,21.0,40200.0,08-11-24
682,1,35-44,master,health,urban,high,0.0,142900.0,13-11-24
686,1,25-34,bachelor,retail,urban,high,0.0,64800.0,17-11-24
690,0,45-54,high_school,health,urban,high,0.0,16400.0,21-11-24
691,0,45-54,master,tech ,urban,high,0.0,67300.0,22-11-24
692,1,35-44,diploma,tech,suburban,low,0.0,6300.0,23-11-24
694,1,35-44,phd,tech,suburban,high,7.0,63200.0,25-11-24
696,0,25-34,high_school,tech,urban,medium,0.0,106700.0,27-11-24
700,1,18-24,phd,health,urban,low,18.0,53800.0,01-12-24
701,0,35-44,master,tech ,urban,high,21.0,35200.0,02-12-24
704,0,45-54,high_school,tech ,rural,low,23.0,149200.0,05-12-24
705,1,18-24,phd,retail,urban,low,0.0,37700.0,06-12-24
709,1,25-34,phd,health,rural,high,0.0,100300.0,10-12-24
711,1,35-44,diploma,tech ,urban,medium,0.0,49900.0,12-12-24
713,1,25-34,high_school,retail,urban,low,0.0,8300.0,14-12-24
714,1,45-54,high_school,retail,urban,medium,28.0,112100.0,15-12-24
715,0,25-34,master,health,urban,high,0.0,86900.0,16-12-24
724,0,35-44,bachelor,tech ,urban,low,0.0,116700.0,25-12-24
735,0,25-34,diploma,retail,urban,low,1.0,55600.0,05-01-25
736,0,18-24,phd,tech ,urban,medium,0.0,105200.0,06-01-25
739,1,45-54,bachelor,health,suburban,low,0.0,24000.0,09-01-25
742,1,55-100,high_school,health,suburban,medium,0.0,30300.0,12-01-25
743,1,18-24,master,health,urban,high,2.0,32900.0,13-01-25
744,1,35-44,high_school,finance,urban,high,6.0,52900.0,14-01-25
746,1,35-44,phd,tech ,suburban,medium,0.0,53900.0,16-01-25
754,1,35-44,high_school,tech,urban,high,0.0,88500.0,24-01-25
755,1,55-100,high_school,retail,suburban,high,8.0,65500.0,25-01-25
757,0,35-44,bachelor,tech,suburban,high,0.0,148100.0,27-01-25
758,1,18-24,high_school,tech,urban,high,27.0,59900.0,28-01-25
759,1,45-54,bachelor,tech ,urban,high,0.0,84800.0,29-01-25
761,0,55-100,master,tech ,rural,medium,11.0,68800.0,31-01-25
762,1,18-24,high_school,retail,rural,medium,10.0,42000.0,01-02-25
763,0,18-24,bachelor,retail,urban,high,0.0,22600.0,02-02-25
764,0,45-54,phd,retail,urban,high,0.0,30500.0,03-02-25
767,0,55-100,high_school,retail,urban,medium,0.0,7300.0,06-02-25
769,1,18-24,phd,tech ,urban,low,29.0,44500.0,08-02-25
774,1,25-34,bachelor,finance,urban,low,30.0,104100.0,13-02-25
775,0,18-24,bachelor, fintech,urban,high,0.0,18100.0,14-02-25
777,1,55-100,bachelor,health,urban,low,18.0,143100.0,16-02-25
779,0,25-34,bachelor,finance,urban,medium,0.0,30000.0,18-02-25
787,1,25-34,diploma,finance,urban,high,0.0,85600.0,26-02-25
789,1,18-24,bachelor,health,urban,low,0.0,84400.0,28-02-25
792,0,18-24,phd, fintech,urban,medium,11.0,105500.0,03-03-25
794,0,55-100,diploma,tech ,urban,medium,23.0,77300.0,05-03-25
795,1,25-34,phd, fintech,urban,medium,0.0,144200.0,06-03-25
797,1,18-24,master,health,urban,medium,0.0,33200.0,08-03-25
798,1,25-34,high_school,health,urban,medium,0.0,110300.0,09-03-25
801,0,18-24,master,health,urban,low,0.0,109000.0,12-03-25
802,1,45-54,diploma,retail,urban,low,0.0,9900.0,13-03-25
805,1,35-44,bachelor,tech,urban,high,14.0,47300.0,16-03-25
809,1,35-44,high_school,retail,urban,low,0.0,32300.0,20-03-25
811,1,18-24,bachelor,tech,urban,high,28.0,128000.0,22-03-25
812,1,25-34,high_school,finance,urban,high,20.0,144700.0,23-03-25
815,1,45-54,master,health,urban,medium,0.0,106200.0,26-03-25
819,0,25-34,master,retail,urban,high,11.0,86800.0,30-03-25
820,0,18-24,high_school,health,urban,low,0.0,80800.0,31-03-25
826,1,45-54,high_school, fintech,urban,high,24.0,37100.0,06-04-25
832,0,25-34,high_school,tech ,urban,high,29.0,92200.0,12-04-25
833,1,55-100,master,education,urban,medium,14.0,117100.0,13-04-25
838,1,35-44,high_school,retail,suburban,medium,0.0,139600.0,18-04-25
843,0,18-24,bachelor,finance,urban,low,24.0,114400.0,23-04-25
844,0,55-100,phd,tech ,urban,high,25.0,139500.0,24-04-25
857,0,18-24,master,finance,rural,medium,0.0,94800.0,07-05-25
858,0,25-34,high_school,retail,suburban,medium,20.0,113500.0,08-05-25
859,1,25-34,bachelor,health,suburban,low,0.0,43900.0,09-05-25
860,0,18-24,bachelor,tech,urban,low,6.0,25900.0,10-05-25
862,0,18-24,master,finance,suburban,low,19.0,121400.0,12-05-25
863,0,25-34,phd,education,urban,low,20.0,145700.0,13-05-25
865,0,18-24,master, fintech,urban,low,1.0,105700.0,15-05-25
868,0,25-34,diploma,health,urban,medium,7.0,68600.0,18-05-25
870,1,55-100,diploma,health,urban,high,0.0,102000.0,20-05-25
873,1,18-24,bachelor, fintech,suburban,high,22.0,120200.0,23-05-25
874,1,45-54,bachelor, fintech,urban,low,0.0,28600.0,24-05-25
875,0,35-44,high_school, fintech,urban,low,0.0,105900.0,25-05-25
879,1,35-44,bachelor,retail,suburban,low,4.0,77600.0,29-05-25
880,1,25-34,high_school, fintech,urban,high,0.0,94100.0,30-05-25
881,1,25-34,high_school,health,urban,high,0.0,6400.0,31-05-25
883,0,25-34,phd,tech,rural,low,4.0,145700.0,02-06-25
886,0,35-44,master,finance,urban,low,26.0,108400.0,05-06-25
891,0,18-24,high_school,finance,suburban,low,10.0,24700.0,10-06-25
895,0,55-100,master,retail,urban,high,0.0,117800.0,14-06-25
897,0,55-100,master,health,suburban,low,20.0,25000.0,16-06-25
898,0,45-54,master, fintech,urban,medium,8.0,43400.0,17-06-25
899,0,25-34,diploma,retail,urban,low,0.0,121600.0,18-06-25
904,0,55-100,master,retail,suburban,low,0.0,87600.0,23-06-25
912,0,18-24,master, fintech,urban,low,0.0,43700.0,01-07-25
915,1,25-34,diploma,finance,urban,high,21.0,39700.0,04-07-25
916,0,55-100,diploma,health,urban,low,0.0,22900.0,05-07-25
917,1,18-24,master,finance,rural,high,0.0,6400.0,06-07-25
918,1,35-44,phd,retail,suburban,high,0.0,60700.0,07-07-25
921,1,45-54,phd,health,urban,medium,10.0,146200.0,10-07-25
923,1,25-34,high_school,retail,urban,medium,21.0,28100.0,12-07-25
927,1,45-54,bachelor, fintech,urban,medium,12.0,32900.0,16-07-25
930,0,35-44,bachelor,education,urban,medium,20.0,78600.0,19-07-25
933,1,35-44,bachelor,retail,suburban,high,0.0,56700.0,22-07-25
934,0,25-34,phd,retail,rural,low,0.0,18300.0,23-07-25
938,0,35-44,phd,retail,urban,medium,0.0,41800.0,27-07-25
941,1,45-54,phd, fintech,urban,low,26.0,110600.0,30-07-25
945,1,25-34,bachelor,health,urban,medium,0.0,125000.0,03-08-25
946,1,55-100,master,health,urban,low,0.0,145400.0,04-08-25
947,1,18-24,high_school,health,urban,low,5.0,108300.0,05-08-25
948,0,25-34,high_school,tech ,urban,low,30.0,64500.0,06-08-25
949,0,18-24,phd,retail,urban,low,17.0,71300.0,07-08-25
950,0,55-100,phd,tech ,urban,high,0.0,69400.0,08-08-25
951,1,35-44,master, fintech,urban,medium,0.0,92500.0,09-08-25
954,1,18-24,master,health,urban,medium,23.0,98700.0,12-08-25
955,1,45-54,high_school, fintech,rural,medium,0.0,67400.0,13-08-25
957,0,18-24,diploma,retail,urban,low,17.0,12400.0,15-08-25
964,0,25-34,phd,health,urban,high,2.0,13100.0,22-08-25
965,0,25-34,bachelor,health,urban,low,0.0,114700.0,23-08-25
968,1,18-24,diploma,retail,suburban,high,0.0,7900.0,26-08-25
970,0,25-34,phd,health,rural,low,20.0,118600.0,28-08-25
972,0,25-34,bachelor,finance,urban,low,0.0,72200.0,30-08-25
974,0,18-24,phd,health,urban,high,0.0,129300.0,01-09-25
975,1,55-100,diploma,retail,urban,medium,0.0,126500.0,02-09-25
976,1,25-34,master,health,rural,low,0.0,36900.0,03-09-25
981,0,18-24,high_school,tech,urban,medium,10.0,89900.0,08-09-25
982,1,18-24,bachelor,education,urban,high,0.0,147900.0,09-09-25
984,0,45-54,phd,tech ,urban,high,9.0,32300.0,11-09-25
985,1,55-100,phd,education,urban,high,0.0,66800.0,12-09-25
986,0,25-34,diploma,retail,rural,low,28.0,70600.0,13-09-25
988,1,35-44,phd,retail,urban,high,0.0,51800.0,15-09-25
989,1,25-34,master,health,urban,medium,0.0,119000.0,16-09-25
990,1,18-24,high_school,health,urban,low,0.0,8100.0,17-09-25
995,0,25-34,bachelor,education,rural,low,25.0,137200.0,22-09-25
998,1,18-24,phd,finance,urban,medium,0.0,133700.0,25-09-25
999,0,55-100,phd,education,rural,medium,0.0,112100.0,26-09-25
1000,0,45-54,diploma, fintech,suburban,high,0.0,115500.0,27-09-25
1001,1,18-24,phd,tech,urban,low,30.0,122500.0,28-09-25
1006,0,18-24,high_school,retail,urban,high,0.0,114600.0,03-10-25
1007,0,25-34,bachelor,health,urban,medium,0.0,145500.0,04-10-25
1008,0,18-24,high_school, fintech,suburban,low,0.0,65700.0,05-10-25
1010,1,18-24,bachelor,retail,suburban,high,0.0,123700.0,07-10-25
1017,0,18-24,master, fintech,rural,high,0.0,44500.0,14-10-25
1018,0,25-34,phd,health,urban,high,0.0,107300.0,15-10-25
1019,0,25-34,diploma, fintech,urban,low,0.0,110800.0,16-10-25
1021,1,25-34,bachelor,health,urban,medium,0.0,132300.0,18-10-25
1023,1,25-34,high_school,finance,urban,medium,16.0,122400.0,20-10-25
1028,0,25-34,master,health,urban,medium,8.0,16300.0,25-10-25
1030,1,55-100,bachelor,retail,urban,high,0.0,46400.0,27-10-25
1031,0,55-100,diploma,health,suburban,high,24.0,59800.0,28-10-25
1033,0,45-54,diploma,retail,urban,low,0.0,58600.0,30-10-25
1036,1,55-100,phd,retail,urban,medium,0.0,126700.0,02-11-25
1038,0,45-54,master,health,urban,low,23.0,116900.0,04-11-25
1040,1,45-54,high_school,health,suburban,medium,0.0,10300.0,06-11-25
1048,0,45-54,high_school,health,urban,low,6.0,63900.0,14-11-25
1052,0,25-34,bachelor,tech,urban,high,4.0,103700.0,18-11-25
1053,1,18-24,phd,retail,urban,high,0.0,89400.0,19-11-25
1054,0,55-100,master,health,urban,low,21.0,102000.0,20-11-25
1056,1,35-44,diploma,tech,rural,low,0.0,28100.0,22-11-25
1061,0,18-24,master,health,urban,medium,0.0,61700.0,27-11-25
1064,1,55-100,diploma,health,suburban,high,0.0,137300.0,30-11-25
1067,0,35-44,diploma,retail,urban,high,29.0,121700.0,03-12-25
1068,1,18-24,bachelor,education,urban,low,0.0,53800.0,04-12-25
1069,0,18-24,bachelor, fintech,suburban,high,16.0,17700.0,05-12-25
1077,0,45-54,master,finance,rural,low,0.0,109900.0,13-12-25
1078,1,18-24,master, fintech,urban,low,29.0,37800.0,14-12-25
1079,0,18-24,master,retail,urban,high,3.0,53400.0,15-12-25
1080,0,25-34,high_school,retail,urban,medium,25.0,100600.0,16-12-25
1084,0,35-44,diploma,finance,urban,medium,2.0,34200.0,20-12-25
1087,1,35-44,master,health,urban,medium,0.0,66100.0,23-12-25
1089,1,55-100,high_school,health,urban,medium,0.0,127100.0,25-12-25
1090,1,18-24,phd,retail,urban,medium,9.0,46700.0,26-12-25
1093,0,45-54,master,tech,urban,low,18.0,41900.0,29-12-25
1096,0,45-54,master,retail,suburban,low,11.0,39400.0,01-01-26
1099,0,25-34,bachelor,health,urban,low,23.0,128500.0,04-01-26
1100,1,25-34,phd,finance,rural,low,22.0,48400.0,05-01-26
1102,0,55-100,bachelor,retail,urban,low,0.0,98800.0,07-01-26
1103,1,45-54,master,retail,urban,low,0.0,34300.0,08-01-26
1104,0,25-34,high_school,finance,urban,high,0.0,118100.0,09-01-26
1107,1,25-34,phd,tech,suburban,medium,0.0,48400.0,12-01-26
1110,1,25-34,master,finance,urban,high,13.0,14500.0,15-01-26
1111,1,25-34,diploma, fintech,urban,medium,16.0,31900.0,16-01-26
1114,0,25-34,master,retail,urban,low,0.0,14100.0,19-01-26
1115,0,35-44,bachelor,tech,urban,low,23.0,7600.0,20-01-26
1116,0,18-24,diploma,health,rural,medium,13.0,57500.0,21-01-26
1118,1,18-24,phd,health,urban,low,0.0,130100.0,23-01-26
1119,0,18-24,master,tech ,suburban,high,0.0,45200.0,24-01-26
1121,0,35-44,diploma,finance,rural,high,0.0,149900.0,26-01-26
1122,1,35-44,high_school,retail,urban,high,0.0,47800.0,27-01-26
1123,0,18-24,high_school, fintech,urban,low,0.0,76800.0,28-01-26
1126,1,45-54,master,tech,urban,high,19.0,75900.0,31-01-26
1127,0,18-24,bachelor,retail,urban,medium,22.0,82600.0,01-02-26
1128,1,45-54,bachelor,tech,urban,medium,26.0,69200.0,02-02-26
1129,0,25-34,phd,health,urban,high,0.0,128300.0,03-02-26
1134,1,25-34,high_school,retail,rural,high,30.0,78100.0,08-02-26
1135,0,55-100,diploma,health,urban,low,22.0,36800.0,09-02-26
1136,1,25-34,phd,tech ,urban,high,29.0,84500.0,10-02-26
1137,1,25-34,phd,health,urban,high,0.0,100900.0,11-02-26
1139,0,35-44,bachelor,tech ,urban,medium,0.0,13300.0,13-02-26
1140,1,18-24,master, fintech,rural,low,11.0,65100.0,14-02-26
1141,0,25-34,master, fintech,urban,low,0.0,139900.0,15-02-26
1151,1,18-24,phd,tech ,urban,low,0.0,62700.0,25-02-26
1152,0,45-54,bachelor,tech,urban,high,0.0,141400.0,26-02-26
1158,1,18-24,bachelor,retail,urban,medium,0.0,120600.0,04-03-26
1161,0,55-100,bachelor,retail,urban,high,16.0,53200.0,07-03-26
1163,1,18-24,master,education,urban,high,0.0,76500.0,09-03-26
1164,0,35-44,bachelor, fintech,suburban,medium,27.0,65100.0,10-03-26
1165,0,18-24,master,education,urban,high,24.0,107300.0,11-03-26
1166,0,18-24,phd,tech ,urban,medium,5.0,122000.0,12-03-26
1167,0,35-44,master,health,urban,medium,0.0,60800.0,13-03-26
1172,1,45-54,diploma,education,urban,high,15.0,98600.0,18-03-26
1177,1,25-34,high_school,health,urban,high,0.0,7900.0,23-03-26
1178,0,55-100,master,health,urban,high,0.0,34400.0,24-03-26
1179,0,55-100,master,health,rural,high,17.0,73200.0,25-03-26
1180,1,45-54,master,tech,urban,high,0.0,107100.0,26-03-26
1181,0,25-34,master,tech,urban,low,0.0,11500.0,27-03-26
1185,1,25-34,master,retail,suburban,low,0.0,33400.0,31-03-26
1186,0,55-100,phd,tech ,urban,high,18.0,42700.0,01-04-26
1193,1,55-100,phd,tech,suburban,low,30.0,129400.0,08-04-26
1197,1,55-100,phd, fintech,urban,medium,14.0,40600.0,12-04-26
1199,0,18-24,high_school,education,rural,medium,0.0,77800.0,14-04-26
1200,0,35-44,phd,health,rural,low,5.0,43100.0,15-04-26
1206,1,18-24,master,tech,urban,medium,20.0,54400.0,21-04-26
1209,1,35-44,high_school,finance,rural,high,7.0,137000.0,24-04-26
1210,0,45-54,diploma,health,suburban,medium,14.0,144900.0,25-04-26
1211,1,35-44,phd,tech,suburban,medium,30.0,149800.0,26-04-26
1212,1,55-100,bachelor,retail,urban,medium,0.0,81300.0,27-04-26
1214,1,18-24,phd,retail,urban,high,0.0,134900.0,29-04-26
1215,1,35-44,master,health,rural,high,0.0,100000.0,30-04-26
1219,1,55-100,high_school,tech ,urban,high,0.0,27500.0,04-05-26
1220,0,35-44,phd,tech ,rural,high,0.0,102500.0,05-05-26
1224,0,18-24,phd,tech ,urban,medium,0.0,93000.0,09-05-26
1226,0,25-34,master,retail,urban,low,26.0,28900.0,11-05-26
1227,0,35-44,bachelor,health,urban,high,28.0,52200.0,12-05-26
1232,0,45-54,bachelor,health,urban,high,0.0,125800.0,17-05-26
1234,1,25-34,bachelor,health,urban,medium,0.0,65800.0,19-05-26
1236,1,35-44,master,tech ,urban,low,6.0,15200.0,21-05-26
1241,1,18-24,high_school,health,rural,low,6.0,105600.0,26-05-26
1242,0,18-24,bachelor,retail,urban,high,29.0,139800.0,27-05-26
1247,1,45-54,diploma,education,urban,medium,1.0,85400.0,01-06-26
1249,0,18-24,bachelor,retail,urban,low,17.0,58300.0,03-06-26
1252,0,25-34,high_school,health,urban,medium,0.0,66100.0,06-06-26
1268,0,45-54,high_school,retail,rural,high,0.0,15000.0,22-06-26
1270,1,55-100,high_school,health,urban,high,4.0,6100.0,24-06-26
1274,1,55-100,master,health,urban,low,4.0,69300.0,28-06-26
1280,0,45-54,diploma,health,urban,high,0.0,137200.0,04-07-26
1284,0,25-34,master, fintech,urban,low,0.0,143000.0,08-07-26
1285,1,35-44,bachelor,education,rural,high,0.0,9600.0,09-07-26
1288,0,18-24,phd,retail,urban,high,0.0,81700.0,12-07-26
1289,0,18-24,diploma,education,urban,medium,5.0,104700.0,13-07-26
1290,1,45-54,high_school,retail,suburban,medium,0.0,36000.0,14-07-26
1296,0,25-34,diploma,education,urban,medium,25.0,101200.0,20-07-26
1299,1,18-24,high_school,tech ,rural,high,0.0,10700.0,23-07-26
1300,0,25-34,bachelor,retail,urban,high,2.0,56700.0,24-07-26
1303,0,25-34,master,retail,urban,high,2.0,87600.0,27-07-26
1305,0,35-44,phd,health,urban,high,0.0,49000.0,29-07-26
1306,0,25-34,phd,finance,urban,low,16.0,49200.0,30-07-26
1310,1,25-34,high_school,tech ,urban,low,11.0,126300.0,03-08-26
1312,0,55-100,phd,retail,urban,low,7.0,65800.0,05-08-26
1315,1,18-24,phd,tech,suburban,high,0.0,100300.0,08-08-26
1319,1,18-24,high_school,tech,urban,low,10.0,51800.0,12-08-26
1322,0,35-44,master,health,urban,low,0.0,24500.0,15-08-26
1327,1,35-44,phd,tech ,urban,low,0.0,69800.0,20-08-26
1331,0,25-34,high_school,retail,urban,low,10.0,78100.0,24-08-26
1334,0,35-44,bachelor,tech,urban,high,0.0,12500.0,27-08-26
1339,0,18-24,bachelor, fintech,urban,high,21.0,100700.0,01-09-26
1341,0,25-34,bachelor,tech ,urban,medium,11.0,92000.0,03-09-26
1343,0,55-100,phd,education,rural,medium,18.0,12700.0,05-09-26
1344,1,45-54,diploma,tech,suburban,high,18.0,44400.0,06-09-26
1345,0,18-24,master,health,rural,low,8.0,116200.0,07-09-26
1352,0,35-44,master,retail,urban,high,3.0,88100.0,14-09-26
1355,0,45-54,bachelor,health,rural,medium,13.0,72700.0,17-09-26
1356,1,45-54,master,health,urban,high,16.0,27300.0,18-09-26
1357,0,18-24,bachelor,retail,urban,high,26.0,127000.0,19-09-26
1358,0,25-34,high_school, fintech,urban,low,0.0,57900.0,20-09-26
1360,0,45-54,high_school,health,urban,medium,8.0,42200.0,22-09-26
1363,1,25-34,master,retail,urban,low,9.0,19100.0,25-09-26
1366,0,18-24,phd,retail,urban,medium,18.0,75900.0,28-09-26
1369,1,25-34,phd,retail,urban,low,0.0,131100.0,01-10-26
1372,1,25-34,master,finance,urban,high,22.0,71500.0,04-10-26
1376,0,18-24,bachelor,tech ,urban,low,28.0,39500.0,08-10-26
1379,1,55-100,bachelor,retail,urban,low,0.0,135200.0,11-10-26
1381,1,18-24,diploma,education,rural,low,20.0,96900.0,13-10-26
1385,1,55-100,phd, fintech,urban,low,0.0,114400.0,17-10-26
1386,1,18-24,diploma,health,urban,high,0.0,118000.0,18-10-26
1390,1,25-34,high_school,retail,urban,low,5.0,133700.0,22-10-26
1396,1,18-24,high_school,retail,urban,medium,20.0,15600.0,28-10-26
1397,1,45-54,master,health,urban,high,0.0,12600.0,29-10-26
1399,0,18-24,high_school,tech,suburban,medium,30.0,52100.0,31-10-26
1400,0,55-100,bachelor,education,urban,high,0.0,18500.0,01-11-26
1401,0,18-24,bachelor,health,urban,low,0.0,95300.0,02-11-26
1407,0,45-54,master,health,urban,high,0.0,74800.0,08-11-26
1413,1,25-34,phd,health,suburban,high,8.0,45700.0,14-11-26
1414,0,18-24,high_school, fintech,urban,low,0.0,44000.0,15-11-26
1415,0,18-24,master,tech,urban,medium,0.0,126100.0,16-11-26
1418,0,18-24,master,health,urban,medium,0.0,9700.0,19-11-26
1420,0,35-44,high_school,retail,rural,low,5.0,63300.0,21-11-26
1426,0,18-24,bachelor,tech ,suburban,high,0.0,116100.0,27-11-26
1427,0,18-24,phd,health,rural,low,24.0,122900.0,28-11-26
1432,1,25-34,master, fintech,urban,medium,0.0,11500.0,03-12-26
1434,0,25-34,high_school,tech ,urban,low,30.0,103900.0,05-12-26
1436,1,18-24,phd,tech ,urban,high,0.0,44900.0,07-12-26
1438,0,25-34,high_school,finance,suburban,low,30.0,19300.0,09-12-26
1439,1,25-34,diploma, fintech,urban,medium,0.0,11700.0,10-12-26
1441,0,18-24,phd,education,urban,medium,0.0,143100.0,12-12-26
1443,1,45-54,diploma,tech,urban,high,30.0,109500.0,14-12-26
1444,1,18-24,diploma,finance,urban,high,28.0,124100.0,15-12-26
1446,1,55-100,phd,health,urban,high,0.0,58300.0,17-12-26
1448,0,55-100,diploma,retail,urban,medium,0.0,132200.0,19-12-26
1458,1,45-54,high_school,retail,urban,low,12.0,113500.0,29-12-26
1460,1,25-34,bachelor,tech,urban,low,29.0,146700.0,31-12-26
1462,1,25-34,master,tech ,urban,high,24.0,27900.0,02-01-27
1465,0,35-44,master,retail,urban,low,0.0,32800.0,05-01-27
1466,1,25-34,master,retail,urban,medium,4.0,97900.0,06-01-27
1469,1,18-24,master, fintech,rural,low,27.0,61300.0,09-01-27
1471,0,18-24,bachelor, fintech,suburban,high,14.0,119300.0,11-01-27
1479,0,45-54,diploma,retail,urban,low,0.0,147000.0,19-01-27
1481,1,55-100,phd,retail,urban,high,0.0,78600.0,21-01-27
1483,0,25-34,high_school,retail,suburban,high,22.0,114600.0,23-01-27
1487,0,35-44,bachelor,finance,urban,low,0.0,135700.0,27-01-27
1488,0,45-54,phd,tech,urban,high,21.0,112400.0,28-01-27
1489,0,25-34,high_school,health,urban,low,18.0,20700.0,29-01-27
1491,1,45-54,high_school,tech ,suburban,high,0.0,50100.0,31-01-27
1495,1,18-24,bachelor,finance,rural,high,26.0,113400.0,04-02-27
1497,1,18-24,bachelor,retail,urban,medium,27.0,136600.0,06-02-27
1498,1,18-24,bachelor, fintech,suburban,medium,0.0,8400.0,07-02-27
1499,1,25-34,bachelor,retail,urban,low,18.0,143900.0,08-02-27
1500,1,35-44,bachelor,tech ,urban,high,30.0,9400.0,09-02-27
1503,0,25-34,master,retail,urban,high,11.0,66000.0,12-02-27
1505,0,55-100,master,retail,urban,low,0.0,99200.0,14-02-27
1509,0,45-54,phd,retail,rural,low,20.0,36100.0,18-02-27
1510,0,18-24,high_school,tech,urban,high,0.0,47300.0,19-02-27
1511,0,18-24,master,education,urban,high,29.0,103200.0,20-02-27
1513,1,45-54,bachelor,finance,urban,medium,0.0,94000.0,22-02-27
1516,0,35-44,bachelor,tech ,urban,medium,0.0,118800.0,25-02-27
1522,1,18-24,bachelor,retail,urban,high,0.0,123900.0,03-03-27
1525,1,18-24,high_school,retail,urban,medium,7.0,85100.0,06-03-27
1526,1,18-24,phd,health,rural,high,7.0,100800.0,07-03-27
1528,0,18-24,diploma,tech,urban,medium,0.0,51100.0,09-03-27
1529,0,55-100,bachelor, fintech,rural,high,7.0,79200.0,10-03-27
1530,0,45-54,bachelor,tech,urban,high,0.0,10700.0,11-03-27
1532,0,45-54,bachelor,health,urban,low,0.0,65200.0,13-03-27
1534,1,55-100,bachelor,tech,urban,medium,0.0,59500.0,15-03-27
1535,0,55-100,phd,tech ,urban,low,1.0,138300.0,16-03-27
1541,0,45-54,bachelor,health,urban,high,25.0,79900.0,22-03-27
1544,0,25-34,high_school,tech,urban,high,2.0,46000.0,25-03-27
1545,0,35-44,high_school,health,urban,low,0.0,131800.0,26-03-27
1546,0,18-24,high_school,tech ,urban,low,0.0,149100.0,27-03-27
1549,0,18-24,bachelor,health,suburban,medium,0.0,56400.0,30-03-27
1550,0,25-34,bachelor,retail,urban,high,18.0,83000.0,31-03-27
1551,1,18-24,diploma,tech ,suburban,high,10.0,21400.0,01-04-27
1553,1,55-100,phd,finance,urban,low,0.0,106100.0,03-04-27
1555,1,25-34,high_school, fintech,urban,low,24.0,29900.0,05-04-27
1556,0,25-34,bachelor,finance,urban,medium,0.0,125600.0,06-04-27
1558,0,55-100,diploma,health,urban,medium,0.0,22700.0,08-04-27
1559,0,18-24,high_school, fintech,urban,high,6.0,138500.0,09-04-27
1560,1,18-24,high_school,education,urban,high,25.0,12100.0,10-04-27
1568,1,25-34,diploma,tech,urban,low,15.0,132900.0,18-04-27
1570,0,18-24,phd, fintech,urban,high,0.0,57400.0,20-04-27
1573,0,25-34,phd,health,suburban,medium,7.0,68300.0,23-04-27
1574,1,35-44,high_school,retail,urban,low,17.0,68700.0,24-04-27
1575,0,25-34,phd,health,urban,low,10.0,90800.0,25-04-27
1578,1,18-24,bachelor,retail,urban,high,5.0,87200.0,28-04-27
1582,0,55-100,bachelor,finance,urban,medium,21.0,123600.0,02-05-27
1585,1,25-34,master,retail,urban,high,0.0,80700.0,05-05-27
1586,0,45-54,bachelor,health,rural,low,0.0,47100.0,06-05-27
1592,0,25-34,high_school,education,urban,high,13.0,43000.0,12-05-27
1595,1,18-24,diploma,finance,urban,low,0.0,149300.0,15-05-27
1596,1,18-24,bachelor,health,urban,low,0.0,6500.0,16-05-27
1597,1,25-34,master,tech ,urban,low,4.0,122500.0,17-05-27
1598,1,25-34,master,retail,urban,medium,0.0,140800.0,18-05-27
1601,1,25-34,high_school,tech,urban,high,0.0,110800.0,21-05-27
1602,0,25-34,high_school,tech ,rural,low,0.0,18800.0,22-05-27
1605,0,25-34,phd,retail,urban,low,29.0,34700.0,25-05-27
1610,1,25-34,bachelor,tech,urban,high,3.0,82900.0,30-05-27
1616,1,18-24,high_school,finance,urban,high,0.0,88600.0,05-06-27
1618,1,45-54,bachelor,health,rural,high,2.0,20200.0,07-06-27
1619,1,45-54,diploma,retail,urban,medium,27.0,54800.0,08-06-27
1625,1,25-34,phd,finance,urban,medium,22.0,60300.0,14-06-27
1631,1,18-24,high_school,finance,urban,high,0.0,70900.0,20-06-27
1632,1,25-34,high_school,retail,rural,low,16.0,26200.0,21-06-27
1636,1,45-54,bachelor,tech,urban,high,14.0,16400.0,25-06-27
1641,1,35-44,high_school,health,urban,high,0.0,59000.0,30-06-27
1642,0,35-44,master,health,urban,low,0.0,119600.0,01-07-27
1643,0,35-44,phd,retail,rural,medium,3.0,142800.0,02-07-27
1644,0,25-34,phd, fintech,rural,high,27.0,28500.0,03-07-27
1645,1,18-24,high_school,health,urban,medium,6.0,37900.0,04-07-27
1646,0,35-44,high_school,retail,urban,low,4.0,32100.0,05-07-27
1647,1,45-54,diploma,finance,urban,medium,9.0,89800.0,06-07-27
1651,0,35-44,master,tech,suburban,high,26.0,72100.0,10-07-27
1654,1,55-100,bachelor,finance,rural,high,0.0,100400.0,13-07-27
1656,0,25-34,master,education,urban,low,22.0,89300.0,15-07-27
1657,1,18-24,bachelor,health,rural,medium,0.0,45200.0,16-07-27
1661,0,45-54,phd, fintech,urban,high,9.0,132200.0,20-07-27
1662,0,18-24,master,retail,urban,high,8.0,139200.0,21-07-27
1663,0,55-100,master,health,urban,low,11.0,34300.0,22-07-27
1664,0,18-24,high_school,retail,urban,low,10.0,133700.0,23-07-27
1668,0,55-100,phd,retail,suburban,medium,22.0,125000.0,27-07-27
1677,0,45-54,bachelor,health,rural,low,24.0,54900.0,05-08-27
1679,0,25-34,bachelor,tech ,urban,medium,0.0,86400.0,07-08-27
1680,1,18-24,phd,tech,urban,low,26.0,76300.0,08-08-27
1683,1,18-24,master,retail,suburban,low,0.0,135500.0,11-08-27
1685,0,55-100,bachelor,retail,urban,low,1.0,51700.0,13-08-27
1691,0,25-34,master,health,urban,medium,16.0,114200.0,19-08-27
1693,1,18-24,bachelor,education,suburban,medium,0.0,76200.0,21-08-27
1695,0,35-44,high_school,finance,urban,medium,30.0,65500.0,23-08-27
1702,0,25-34,phd, fintech,urban,low,0.0,77200.0,30-08-27
1707,0,25-34,bachelor,retail,urban,high,2.0,15200.0,04-09-27
1709,0,55-100,master,finance,urban,medium,23.0,33200.0,06-09-27
1710,0,18-24,high_school,retail,urban,low,29.0,25900.0,07-09-27
1713,0,18-24,high_school,retail,urban,low,0.0,41600.0,10-09-27
1717,1,25-34,master,health,urban,high,25.0,133500.0,14-09-27
1722,0,45-54,high_school, fintech,urban,low,0.0,113200.0,19-09-27
1727,0,35-44,master, fintech,urban,low,0.0,7000.0,24-09-27
1731,1,18-24,bachelor,tech,rural,medium,0.0,137500.0,28-09-27
1732,0,45-54,diploma,retail,suburban,medium,28.0,12600.0,29-09-27
1733,1,25-34,bachelor,finance,urban,high,18.0,142900.0,30-09-27
1737,1,35-44,phd,tech,urban,low,23.0,129200.0,04-10-27
1740,1,18-24,diploma,tech ,urban,high,6.0,103300.0,07-10-27
1741,0,25-34,high_school,education,urban,medium,14.0,63800.0,08-10-27
1743,1,55-100,bachelor, fintech,rural,low,0.0,73000.0,10-10-27
1744,0,25-34,high_school,health,urban,medium,9.0,114500.0,11-10-27
1745,1,18-24,diploma,finance,urban,low,13.0,59500.0,12-10-27
1757,0,25-34,bachelor,tech ,suburban,medium,0.0,38400.0,24-10-27
1760,0,25-34,bachelor,tech,urban,medium,16.0,34600.0,27-10-27
1763,0,35-44,high_school,finance,urban,medium,0.0,88000.0,30-10-27
1772,1,25-34,bachelor,education,urban,high,0.0,41600.0,08-11-27
1776,0,18-24,bachelor,finance,suburban,high,0.0,128400.0,12-11-27
1781,0,35-44,diploma,retail,urban,high,0.0,122700.0,17-11-27
1783,1,55-100,bachelor,tech,urban,high,20.0,75100.0,19-11-27
1784,0,55-100,phd,retail,urban,medium,27.0,83600.0,20-11-27
1786,0,18-24,master,health,urban,medium,0.0,120600.0,22-11-27
1789,0,18-24,bachelor, fintech,urban,medium,29.0,146300.0,25-11-27
1790,0,18-24,phd, fintech,urban,low,10.0,7200.0,26-11-27
1792,0,25-34,high_school,education,suburban,medium,0.0,37100.0,28-11-27
1797,0,45-54,master,health,urban,high,0.0,39500.0,03-12-27
1798,0,18-24,phd,finance,suburban,high,0.0,104500.0,04-12-27
1799,1,55-100,diploma, fintech,urban,high,0.0,148900.0,05-12-27
1802,1,18-24,high_school, fintech,urban,high,0.0,124500.0,08-12-27
1807,0,45-54,high_school,finance,urban,low,16.0,77300.0,13-12-27
1813,1,25-34,master,retail,urban,high,30.0,97500.0,19-12-27
1815,1,18-24,phd,retail,rural,low,0.0,76000.0,21-12-27
1822,0,45-54,high_school,education,urban,medium,0.0,124400.0,28-12-27
1825,1,18-24,phd,health,suburban,medium,0.0,97900.0,31-12-27
1829,1,45-54,bachelor,education,urban,high,3.0,133900.0,04-01-28
1832,1,45-54,bachelor,retail,urban,high,3.0,58500.0,07-01-28
1833,0,45-54,bachelor,retail,urban,high,3.0,34200.0,08-01-28
1834,1,25-34,master,education,suburban,medium,10.0,10700.0,09-01-28
1835,0,55-100,phd,finance,urban,medium,0.0,46600.0,10-01-28
1838,0,18-24,high_school,retail,urban,low,0.0,10900.0,13-01-28
1846,0,35-44,phd,education,suburban,medium,0.0,72800.0,21-01-28
1850,0,25-34,master,health,urban,high,25.0,140800.0,25-01-28
1851,0,18-24,phd,retail,suburban,low,0.0,113400.0,26-01-28
1854,1,35-44,bachelor,health,rural,medium,0.0,54000.0,29-01-28
1860,0,35-44,high_school,tech ,rural,low,9.0,64600.0,04-02-28
1862,1,35-44,master, fintech,urban,high,0.0,148400.0,06-02-28
1864,1,25-34,phd,finance,urban,low,19.0,91700.0,08-02-28
1867,1,45-54,master,health,rural,low,0.0,115200.0,11-02-28
1868,0,18-24,master,health,rural,medium,0.0,38500.0,12-02-28
1869,0,18-24,bachelor,retail,urban,high,24.0,104600.0,13-02-28
1872,0,18-24,bachelor,retail,urban,high,0.0,33800.0,16-02-28
1878,1,45-54,phd,health,suburban,high,0.0,17800.0,22-02-28
1883,0,35-44,high_school,retail,suburban,low,2.0,145300.0,27-02-28
1884,1,18-24,master,tech,rural,low,0.0,63500.0,28-02-28
1885,1,18-24,diploma,finance,suburban,low,0.0,16100.0,29-02-28
1886,0,35-44,phd,retail,suburban,medium,0.0,105600.0,01-03-28
1888,1,55-100,diploma,tech,urban,high,8.0,51100.0,03-03-28
1891,0,55-100,high_school,health,rural,high,0.0,7600.0,06-03-28
1892,0,55-100,master,education,suburban,medium,0.0,122800.0,07-03-28
1893,0,18-24,phd,finance,rural,medium,8.0,61500.0,08-03-28
1895,1,35-44,diploma,retail,urban,high,2.0,56700.0,10-03-28
1901,0,25-34,bachelor, fintech,urban,medium,7.0,24100.0,16-03-28
1903,1,35-44,master, fintech,urban,high,0.0,32900.0,18-03-28
1904,0,25-34,diploma,retail,rural,high,0.0,114500.0,19-03-28
1905,1,25-34,phd,finance,urban,high,28.0,124800.0,20-03-28
1910,1,18-24,bachelor,education,urban,low,0.0,25900.0,25-03-28
1921,1,45-54,bachelor,retail,urban,low,0.0,78200.0,05-04-28
1922,0,18-24,diploma,retail,urban,low,0.0,48400.0,06-04-28
1925,0,25-34,master,retail,urban,low,0.0,147300.0,09-04-28
1927,0,18-24,phd,health,urban,low,0.0,63800.0,11-04-28
1928,1,18-24,phd,tech,urban,low,0.0,88000.0,12-04-28
1935,0,25-34,phd,health,urban,high,24.0,26900.0,19-04-28
1940,1,18-24,master,tech ,urban,medium,0.0,35900.0,24-04-28
1941,0,25-34,diploma, fintech,urban,medium,29.0,45100.0,25-04-28
1944,1,55-100,master,finance,urban,medium,3.0,127700.0,28-04-28
1948,0,18-24,phd, fintech,urban,high,20.0,34900.0,02-05-28
1952,0,55-100,bachelor,retail,urban,low,5.0,74400.0,06-05-28
1953,1,25-34,phd,education,urban,medium,23.0,105600.0,07-05-28
1956,1,55-100,phd,finance,suburban,low,22.0,82800.0,10-05-28
1957,1,35-44,high_school,tech,suburban,medium,1.0,26000.0,11-05-28
1958,0,18-24,high_school,health,urban,high,27.0,145000.0,12-05-28
1961,0,45-54,phd,retail,urban,low,21.0,43600.0,15-05-28
1965,0,55-100,bachelor,education,urban,medium,28.0,97000.0,19-05-28
1968,0,18-24,master,tech,urban,low,17.0,92500.0,22-05-28
1969,0,18-24,phd,education,urban,medium,0.0,140700.0,23-05-28
1970,1,25-34,master,health,urban,high,0.0,52700.0,24-05-28
1971,1,45-54,phd,finance,urban,high,10.0,74700.0,25-05-28
1975,0,18-24,bachelor,tech ,suburban,high,28.0,27700.0,29-05-28
1976,1,18-24,high_school,health,urban,medium,0.0,126600.0,30-05-28
1977,1,35-44,master,retail,rural,medium,7.0,25500.0,31-05-28
1978,1,45-54,phd,retail,suburban,high,18.0,143000.0,01-06-28
1979,1,18-24,phd,finance,urban,medium,16.0,106600.0,02-06-28
1988,1,25-34,phd,health,urban,medium,26.0,49200.0,11-06-28
1990,0,18-24,phd,health,rural,medium,19.0,146200.0,13-06-28
1994,0,55-100,bachelor,education,urban,low,0.0,9000.0,17-06-28
1995,1,25-34,phd,finance,urban,low,0.0,113000.0,18-06-28
1998,1,25-34,high_school,retail,urban,high,22.0,92500.0,21-06-28
